REGION	POS	REF	ALT	REF_DP	REF_RV	REF_QUAL	ALT_DP	ALT_RV	ALT_QUAL	ALT_FREQ	TOTAL_DP	PVAL	PASS	GFF_FEATURE	REF_CODON	REF_AA	ALT_CODON	ALT_AA
Consensus_PC_threshold_0_quality_20	2690	A	C	153	86	40	5	5	41	0.0316456	158	0.0297854	FALSE	cds-AAA47633.2	AAA	K	AAC	N
Consensus_PC_threshold_0_quality_20	7193	G	A	1595	824	40	55	29	40	0.0333333	1650	1.53572e-17	TRUE	cds-AAA47637.1	GGG	G	AGG	R
Consensus_PC_threshold_0_quality_20	7636	T	C	854	432	40	82	40	40	0.0876068	936	3.23398e-26	TRUE	cds-AAA47637.1	TGT	C	TGC	C
Consensus_PC_threshold_0_quality_20	8980	G	A	1769	872	40	78	34	39	0.0422306	1847	4.38712e-23	TRUE	cds-AAA47631.1	TCG	S	TCA	S
Consensus_PC_threshold_0_quality_20	8980	G	A	1769	872	40	78	34	39	0.0422306	1847	4.38712e-23	TRUE	cds-AAA47637.1	TCG	S	TCA	S
Consensus_PC_threshold_0_quality_20	8999	C	+A	1883	918	40	59	0	20	0.0309224	1908	3.78102e-06	TRUE	NA	NA	NA	NA	NA
Consensus_PC_threshold_0_quality_20	9230	C	T	1518	764	40	340	185	40	0.182894	1859	7.0828e-111	TRUE	cds-AAA47637.1	CTC	L	TTC	F
Consensus_PC_threshold_0_quality_20	9230	C	T	1518	764	40	340	185	40	0.182894	1859	7.0828e-111	TRUE	cds-nef	AGC	S	AGT	S
Consensus_PC_threshold_0_quality_20	9230	C	T	1518	764	40	340	185	40	0.182894	1859	7.0828e-111	TRUE	cds-AAA47638.1	AGC	S	AGT	S
